Google,Best Global Websites By Byte Level Research,2023,2
Google,BrandFinance Global 500 (100) By Brand Finance,2023,3
Google,BrandZ Top 100 Most Valuable Global Brands By Kantar,2023,2
Google,Global RepTrak 100 By Reputation Institute,2023,31
Google,Best Global Brands By Interbrand,2022,4
Google,Best Global Websites By Byte Level Research,2022,2
Google,Brand Finance US Top 100 By Brand Finance,2022,3
Google,BrandFinance Global 500 (100) By Brand Finance,2022,3
Google,BrandZ Top 100 Most Valuable Global Brands By Kantar,2022,2
Google,Global RepTrak 100 By Reputation Institute,2022,42
Google,Global Top 100 Brand Corporations By European Brand Institute - Vienna,2022,2
Google,Sustainable Brand Index in the Netherlands By Sustainable Brand Index,2022,89
Google,Best Global Brands By Interbrand,2021,4
Google,Best Global Websites By Byte Level Research,2021,2
Google,Brand Finance US Top 100 By Brand Finance,2021,3
Google,BrandFinance Global 500 (100) By Brand Finance,2021,3
Google,BrandZ Top 100 Most Valuable Global Brands By Kantar,2021,3
Google,Global RepTrak 100 By Reputation Institute,2021,15
Google,Top 50 Prophet Brand Relevance Index U.S. By Prophet,2021,17
Google,Top Global Meaningful Brands Index By Havas Media,2021,1
Google,Best Global Brands By Interbrand,2020,4
Google,Best Global Websites By Byte Level Research,2020,2
Google,Brand Finance US Top 100 By Brand Finance,2020,2
Google,BrandFinance Global 500 (100) By Brand Finance,2020,2
Google,BrandZ Top 100 Most Valuable Global Brands By Kantar,2020,4
Google,BrandZ Top 100 Most Valuable US Brands By Kantar,2020,3
Google,Global RepTrak 100 By Reputation Institute,2020,13
Google,Global Top 100 Brand Corporations By European Brand Institute - Vienna,2020,2
Google,The Inspiring 40 By Synergie,2020,10
Google,The Top Most Loved Brands By Morning Consult,2020,2
Google,The World's Most Valuable Brands By Forbes,2020,2
Google,Top 100 Brand LoveList  By NetBase,2020,7
Google,Best Global Brands By Interbrand,2019,2
Google,Best Global Websites By Byte Level Research,2019,2
Google,Brand Finance US Top 100 By Brand Finance,2019,3
Google,BrandFinance Global 500 (100) By Brand Finance,2019,3
Google,BrandZ Top 100 Most Valuable Global Brands By Kantar,2019,3
Google,BrandZ Top 100 Most Valuable US Brands By Kantar,2019,2
Google,Global CR RepTrak 100 By Reputation Institute,2019,4
Google,Global RepTrak 100 By Reputation Institute,2019,14
Google,Global Top 100 Brand Corporations By European Brand Institute - Vienna,2019,2
Google,Kids Most Loved Brands By Smarty Pants,2019,43
Google,Official Top Business Superbrands By The Centre for Brand Analysis,2019,9
Google,Parent's Most Loved Brands By Smarty Pants,2019,6
Google,The 50 Most Innovative Companies By BCG ,The Boston Consulting Group,2019,1
Google,The Inspiring 40 By Synergie,2019,30
Google,The Top Most Loved Brands By Morning Consult,2019,2
Google,The World's Most Valuable Brands By Forbes,2019,2
Google,The World's Top 50 Most Attractive Employers By Universum,2019,1
Google,Top 100 Brands for Millennials By Moosylvania,2019,7
Google,Top 50 Prophet Brand Relevance Index U.S. By Prophet,2019,13
Google,Top 50 Prophet Brand Relevance Index UK By Prophet,2019,10
Google,Best Global Brands By Interbrand,2018,2
Google,Best Global Websites By Byte Level Research,2018,2
Google,Brand Finance US Top 100 By Brand Finance,2018,3
Google,BrandFinance Global 500 (100) By Brand Finance,2018,3
Google,Brands Most Criticised by Activist Groups By Sigwatch,2018,9
Google,BrandZ Top 100 Most Valuable Global Brands By Kantar,2018,1
Google,BrandZ Top 100 Most Valuable US Brands By Kantar,2018,1
Google,EU5 RepTrak 100 By Reputation Institute,2018,17
Google,Global Brand Simplicity Index By Siegel plus Gale,2018,3
Google,Global CR RepTrak 100 By Reputation Institute,2018,1
Google,Global RepTrak 100 By Reputation Institute,2018,3
Google,Global Top 100 Brand Corporations By European Brand Institute - Vienna,2018,2
Google,Kids Most Loved Brands By Smarty Pants,2018,10
Google,Official Top Business Superbrands By The Centre for Brand Analysis,2018,6
Google,Parent's Most Loved Brands By Smarty Pants,2018,4
Google,The 50 Most Innovative Companies By BCG ,The Boston Consulting Group,2018,2
Google,The Inspiring 40 By Synergie,2018,35
Google,The World's Most Valuable Brands By Forbes,2018,2
Google,The World's Top 50 Most Attractive Employers By Universum,2018,1
Google,Top 100 Brands for Millennials By Moosylvania,2018,7
Google,Top 50 Prophet Brand Relevance Index U.S. By Prophet,2018,6
Google,Top Loved German Brands By NetBase,2018,1
Google,Top Loved Netherlands Brands By NetBase,2018,4
Google,UK RepTrak 100 By Reputation Institute,2018,42
Google,US RepTrak 100 By Reputation Institute,2018,56
Google,100 Best Companies to Work For By Fortune ,2017,1
Google,100-top Most Powerful Brands By Tenet Partners, CoreBrand,2017,9
Google,50 Best Places to Work  By Glassdoor,2017,4
Google,Best Global Brands By Interbrand,2017,2
Google,Best Global Websites By Byte Level Research,2017,1
Google,Brand Finance US Top 100 By Brand Finance,2017,1
Google,BrandFinance Global 500 (100) By Brand Finance,2017,1
Google,BrandZ Top 100 Most Valuable Global Brands By Kantar,2017,1
Google,Europe's Most Attractive Employers By Universum,2017,1
Google,Global Brand Simplicity Index By Siegel plus Gale,2017,3
Google,Global CR RepTrak 100 By Reputation Institute,2017,3
Google,Global RepTrak 100 By Reputation Institute,2017,5
Google,Global Top 100 Brand Corporations By European Brand Institute - Vienna,2017,2
Google,Official Top Business Superbrands By The Centre for Brand Analysis,2017,5
Google,Official Top Consumer Superbrands  By The Centre for Brand Analysis,2017,18
Google,Parent's Most Loved Brands By Smarty Pants,2017,5
Google,The World's Most Valuable Brands By Forbes,2017,2
Google,The World's Top 50 Most Attractive Employers By Universum,2017,1
Google,Top 100 Brand LoveList  By NetBase,2017,29
Google,Top 50 European Love List By NetBase,2017,2
Google,Top 50 Prophet Brand Relevance Germany By Prophet,2017,3
Google,Top 50 Prophet Brand Relevance Index U.S. By Prophet,2017,2
Google,Top 50 Prophet Brand Relevance Index UK By Prophet,2017,2
Google,UK RepTrak 100 By Reputation Institute,2017,11
Google,US RepTrak 100 By Reputation Institute,2017,17
Google,100 Best Companies to Work For By Fortune ,2016,1
Google,50 Best Places to Work  By Glassdoor,2016,8
Google,Best Global Brands By Interbrand,2016,2
Google,Best Global Websites By Byte Level Research,2016,1
Google,Brand Finance US Top 100 By Brand Finance,2016,2
Google,BrandFinance Global 500 (100) By Brand Finance,2016,2
Google,BrandZ Top 100 Most Valuable Global Brands By Kantar,2016,1
Google,Europe's Most Attractive Employers By Universum,2016,1
Google,Global CR RepTrak 100 By Reputation Institute,2016,1
Google,Global RepTrak 100 By Reputation Institute,2016,3
Google,Global Top 100 Brand Corporations By European Brand Institute - Vienna,2016,2
Google,LinkedIn Top Attractors By LinkedIn Corporation,2016,4
Google,Moms' Most Loved Brands By Smarty Pants,2016,9
Google,Official Top Business Superbrands By The Centre for Brand Analysis,2016,4
Google,Official Top Consumer Superbrands  By The Centre for Brand Analysis,2016,16
Google,The 50 Most Innovative Companies By BCG ,The Boston Consulting Group,2016,2
Google,The Authentic 100 Index By Cohn & Wolf,2016,15
Google,The Fit For Purpose Index Top 100 By Radley Yeldar,2016,72
Google,The Most Customer Inspired Brands By C Space,2016,6
Google,The World's Best Multinational Workplaces By Great Place to Work,2016,1
Google,The World's Most Valuable Brands By Forbes,2016,2
Google,The World's Top 50 Most Attractive Employers By Universum,2016,1
Google,Top 100 Brand LoveList  By NetBase,2016,17
Google,Top 100 Brands for Millennials By Moosylvania,2016,11
Google,Top 20 CoolBrands  By The Centre For Brand Analysis,2016,11
Google,Top 50 Prophet Brand Relevance Germany By Prophet,2016,3
Google,Top 50 Prophet Brand Relevance Index U.S. By Prophet,2016,5
Google,Top 50 Prophet Brand Relevance Index UK By Prophet,2016,2
Google,UK RepTrak 100 By Reputation Institute,2016,39
Google,US RepTrak 100 By Reputation Institute,2016,70
Google,World's Most Admired Companies By Fortune,2016,2
Google,100 Best Companies to Work For By Fortune ,2015,1
Google,100-top Most Powerful Brands By Tenet Partners, CoreBrand,2015,15
Google,50 Best Places to Work  By Glassdoor,2015,1
Google,Best Global Brands By Interbrand,2015,2
Google,Best Global Websites By Byte Level Research,2015,1
Google,Brand Finance US Top 100 By Brand Finance,2015,2
Google,BrandFinance Global 500 (100) By Brand Finance,2015,3
Google,BrandZ Top 100 Most Valuable Global Brands By Kantar,2015,2
Google,Change the World By Fortune,2015,2
Google,Computable 100 By Computable,2015,2
Google,EURIB Top 100 of Indispensable Brands By EURIB,2015,11
Google,Europe's Most Attractive Employers By Universum,2015,1
Google,Fortune U.S. 500 (100) By Fortune,2015,40
Google,Global Brand Simplicity Index By Siegel plus Gale,2015,2
Google,Global CR RepTrak 100 By Reputation Institute,2015,1
Google,Global RepTrak 100 By Reputation Institute,2015,2
Google,Global Top 100 Brand Corporations By European Brand Institute - Vienna,2015,2
Google,Kids Most Loved Brands By Smarty Pants,2015,46
Google,Moms' Most Loved Brands By Smarty Pants,2015,8
Google,Most Influential Brands in Canada By Ipsos,2015,1
Google,North America's Most InDemand Employers Top 100 By LinkedIn,2015,1
Google,Official Top Business Superbrands By The Centre for Brand Analysis,2015,7
Google,Official Top Consumer Superbrands  By The Centre for Brand Analysis,2015,18
Google,The 50 Most Innovative Companies By BCG ,The Boston Consulting Group,2015,2
Google,The 50 Smartest Companies By MIT Technology Review,2015,12
Google,The FutureBrand Index Top 100 By Future Brand,2015,1
Google,The Global Top 10 Agile Brands By Landor,2015,4
Google,The Reputations of the Most Visible Companies By Harris Interactive,2015,10
Google,The SB Influencers Top 100 By Salterbaxter MSLGroup,2015,66
Google,The World's Best Multinational Workplaces By Great Place to Work,2015,1
Google,The World's Most Innovative Companies By Fast Company,2015,4
Google,The World's Most Valuable Brands By Forbes,2015,3
Google,The World's Top 50 Most Attractive Employers By Universum,2015,1
Google,Top 20 CoolBrands  By The Centre For Brand Analysis,2015,12
Google,Top 50 Brands for Millennials By Moosylvania,2015,12
Google,Top Global Meaningful Brands Index By Havas Media,2015,2
Google,Top U.S. BrandIndex Buzz Ranking By YouGov,2015,4
Google,UK RepTrak 100 By Reputation Institute,2015,12
Google,US RepTrak 100 By Reputation Institute,2015,51
Google,World's Most Admired Companies By Fortune,2015,2
Google,World's Most Respected Companies By Barron's,2015,5
Google,100 Best Companies to Work For By Fortune ,2014,1
Google,100-top Most Powerful Brands By Tenet Partners, CoreBrand,2014,26
Google,50 Best Places to Work  By Glassdoor,2014,8
Google,Best Global Brands By Interbrand,2014,2
Google,Best Global Websites By Byte Level Research,2014,1
Google,Brand Dependence Index By UTA Brand Studio,2014,2
Google,Brand Finance US Top 100 By Brand Finance,2014,2
Google,BrandFinance Global 500 (100) By Brand Finance,2014,3
Google,BrandZ Top 100 Most Valuable Global Brands By Kantar,2014,1
Google,Computable 100 By Computable,2014,2
Google,Davis Brand Capital 25 By Davis Brand Capital,2014,2
Google,Dutch Strongest Brands By BrandAsset Consult,2014,1
Google,EURIB Top 100 of Indispensable Brands By EURIB,2014,6
Google,Europe's Most Attractive Employers By Universum,2014,1
Google,Fortune U.S. 500 (100) By Fortune,2014,46
Google,Global Brand Simplicity Index By Siegel plus Gale,2014,2
Google,Global CR RepTrak 100 By Reputation Institute,2014,1
Google,Global RepTrak 100 By Reputation Institute,2014,2
Google,Global Top 100 Brand Corporations By European Brand Institute - Vienna,2014,2
Google,Global Top 100 Champion Brands By APCO Worldwide & Darden School of Business,2014,3
Google,Media Value Ranking Global Brands By General Sentiment,2014,2
Google,Moms' Most Loved Brands By Smarty Pants,2014,5
Google,Most Influential Brands in Canada By Ipsos,2014,1
Google,Official Top Business Superbrands By The Centre for Brand Analysis,2014,2
Google,Official Top Consumer Superbrands  By The Centre for Brand Analysis,2014,7
Google,Social Brands 100 Youth Ranking By Headstream,2014,90
Google,The 50 Most Innovative Companies By BCG ,The Boston Consulting Group,2014,2
Google,The FutureBrand Index Top 100 By Future Brand,2014,1
Google,The World's Best Multinational Workplaces By Great Place to Work,2014,1
Google,The World's Most Valuable Brands By Forbes,2014,3
Google,The World's Top 50 Most Attractive Employers By Universum,2014,1
Google,Top 20 CoolBrands  By The Centre For Brand Analysis,2014,6
Google,Top 25 Intent HQ Most Social Brands By Intent HQ,2014,1
Google,Top 50 Most Familiar Brands By CoreBrand,2014,21
Google,Top U.S. BrandIndex Buzz Ranking By YouGov,2014,7
Google,US RepTrak 100 By Reputation Institute,2014,29
Google,World's Most Admired Companies By Fortune,2014,3
Google,World's Most Respected Companies By Barron's,2014,4
Google,Youth 100 By Voxburner,2014,3
Google,100 Best Companies to Work For By Fortune ,2013,1
Google,50 Best Places to Work  By Glassdoor,2013,6
Google,Best Global Brands By Interbrand,2013,2
Google,Best Global Websites By Byte Level Research,2013,1
Google,BrandFinance Global 500 (100) By Brand Finance,2013,3
Google,BrandZ Top 100 Most Valuable Global Brands By Kantar,2013,2
Google,Computable 100 By Computable,2013,1
Google,Davis Brand Capital 25 By Davis Brand Capital,2013,2
Google,Dutch Strongest Brands By BrandAsset Consult,2013,1
Google,EURIB Top 100 of Indispensable Brands By EURIB,2013,6
Google,Fortune U.S. 500 (100) By Fortune,2013,55
Google,Global Brand Simplicity Index By Siegel plus Gale,2013,3
Google,Global CR RepTrak 100 By Reputation Institute,2013,3
Google,Global RepTrak 100 By Reputation Institute,2013,4
Google,Global Top 100 Brand Corporations By European Brand Institute - Vienna,2013,3
Google,LinkedIn's Most InDemand Employers By LinkedIn Corporation,2013,1
Google,Marketing's top 100 Advertisers By Nielsen Media Research,2013,31
Google,Moms' Most Loved Brands By Smarty Pants,2013,16
Google,Most Influential Brands in Canada By Ipsos,2013,1
Google,Official Top Business Superbrands By The Centre for Brand Analysis,2013,3
Google,Official Top Consumer Superbrands  By The Centre for Brand Analysis,2013,6
Google,The 100 Most Loved Companies By APCO Worldwide,2013,3
Google,The 50 Most Innovative Companies By BCG ,The Boston Consulting Group,2013,3
Google,The Reputations of the Most Visible Companies By Harris Interactive,2013,4
Google,The World's Best Multinational Workplaces By Great Place to Work,2013,1
Google,The World's Most Valuable Brands By Forbes,2013,5
Google,The World's Top 50 Most Attractive Employers By Universum,2013,1
Google,Top 10 Most Meaningful Brands Spain By Havas Media,2013,1
Google,Top 20 CoolBrands  By The Centre For Brand Analysis,2013,7
Google,Top 20 Desirable Brands in Australia By Clear | M&C Saatchi Group,2013,6
Google,Top 20 Desirable Brands in the USA By Clear | M&C Saatchi Group,2013,13
Google,Top 25 Brands with Social Currency By Vivaldi Partners Group,2013,2
Google,Top Global Meaningful Brands Index By Havas Media,2013,1
Google,Top U.S. BrandIndex Buzz Ranking By YouGov,2013,19
Google,UK's Top 10 Most Meaningful Brands By Havas Media,2013,3
Google,US RepTrak 100 By Reputation Institute,2013,19
Google,US Top 10 Most Meaningful Brands By Havas Media,2013,5
Google,World's Most Admired Companies By Fortune,2013,2
Google,World's Most Respected Companies By Barron's,2013,4
Google,100 Best Companies to Work For By Fortune ,2012,1
Google,100-top Most Powerful Brands By Tenet Partners, CoreBrand,2012,43
Google,50 Best Places to Work  By Glassdoor,2012,5
Google,Ad Age Social-Media Brand Ranking Top 10 By Ad Age,2012,4
Google,Best Global Brands By Interbrand,2012,4
Google,Best Global Websites By Byte Level Research,2012,1
Google,Brand Keys Customer Loyalty Leaders By Brand Keys,2012,14
Google,BrandFinance Global 500 (100) By Brand Finance,2012,2
Google,Brands that creatives most want to work with By The Talent Business,2012,3
Google,BrandZ Top 100 Most Valuable Global Brands By Kantar,2012,3
Google,Computable 100 By Computable,2012,2
Google,Davis Brand Capital 25 By Davis Brand Capital,2012,3
Google,Dutch Strongest Brands By BrandAsset Consult,2012,1
Google,EURIB Top 100 of Indispensable Brands By EURIB,2012,7
Google,Fortune U.S. 500 (100) By Fortune,2012,73
Google,Global Brand Simplicity Index By Siegel plus Gale,2012,1
Google,Global CR RepTrak 100 By Reputation Institute,2012,2
Google,Global RepTrak 100 By Reputation Institute,2012,6
Google,Global Top 100 Brand Corporations By European Brand Institute - Vienna,2012,5
Google,Green Ranking Global Top 100 By Newsweek,2012,67
Google,Green Rankings US (100) By Newsweek,2012,22
Google,Kids Most Loved Brands By Smarty Pants,2012,94
Google,LinkedIn's Most InDemand Employers By LinkedIn Corporation,2012,1
Google,Media Value Ranking Global Brands By General Sentiment,2012,2
Google,Moms' Most Loved Brands By Smarty Pants,2012,14
Google,Most Desired Brands in the U.S.: Men By Buyology Inc,2012,7
Google,Most Desired Brands in the U.S.: Women By Buyology Inc,2012,2
Google,Official Top Business Superbrands By The Centre for Brand Analysis,2012,2
Google,Official Top Consumer Superbrands  By The Centre for Brand Analysis,2012,3
Google,Social Brands Top 100  By Headstream ,2012,81
Google,Social Media Effectiveness Index (SEI 100) By Blue Ocean market intelligence,2012,42
Google,Sustainable Image Index By MindWorld, MT, SSI, Synergie,2012,14
Google,The 50 Most Innovative Companies By BCG ,The Boston Consulting Group,2012,2
Google,The Reputations of the Most Visible Companies By Harris Interactive,2012,2
Google,The World's Best Multinational Workplaces By Great Place to Work,2012,2
Google,The World's Most Innovative Companies By Fast Company,2012,3
Google,The World's Most Powerful Brands By Forbes,2012,5
Google,The World's Top 50 Most Attractive Employers By Universum,2012,1
Google,Top 100 Trends to Brands By Trendslator ,2012,6
Google,Top 20 CoolBrands  By The Centre For Brand Analysis,2012,5
Google,Top 25 Global Corporate Reputation Index By Burson-Marsteller, Landor, PSB and BAV,2012, - 
Google,Top 50 Facebook Brand Ranking By Markenlexikon,2012,4
Google,Top U.S. BrandIndex Buzz Ranking By YouGov,2012,10
Google,US Brand Top 100 Brands of United States By MPP Consulting,2012,1
Google,US RepTrak 100 By Reputation Institute,2012,13
Google,World's Most Admired Companies By Fortune,2012,2
Google,World's Most Respected Companies By Barron's,2012,16
Google,Youth 100 By Voxburner,2012,4
Google,100 Best Companies to Work For By Fortune ,2011,4
Google,100-top Most Powerful Brands By Tenet Partners, CoreBrand,2011,72
Google,50 Best Places to Work  By Glassdoor,2011,30
Google,Best Global Brands By Interbrand,2011,4
Google,Best Global Websites By Byte Level Research,2011,2
Google,Brand Keys Customer Loyalty Leaders By Brand Keys,2011,16
Google,BrandFinance Global 500 (100) By Brand Finance,2011,1
Google,BrandZ Top 100 Most Valuable Global Brands By Kantar,2011,2
Google,Computable 100 By Computable,2011,1
Google,Davis Brand Capital 25 By Davis Brand Capital,2011,4
Google,Dutch Empathy Monitor By Ruigrok NetPanel & Fronteer Strategy,2011,1
Google,Dutch Strongest Brands By BrandAsset Consult,2011,1
Google,EURIB Top 100 of Indispensable Brands By EURIB,2011,6
Google,Fortune U.S. 500 (100) By Fortune,2011,92
Google,Global Brand Simplicity Index By Siegel plus Gale,2011,1
Google,Global RepTrak 100 By Reputation Institute,2011,1
Google,Global Top 100 Brand Corporations By European Brand Institute - Vienna,2011,4
Google,Green Rankings US (100) By Newsweek,2011,59
Google,Kids Most Loved Brands By Smarty Pants,2011,99
Google,Media Value Ranking Global Brands By General Sentiment,2011,2
Google,Moms' Most Loved Brands By Smarty Pants,2011,8
Google,Most Desired Brands in the U.S.: Women By Buyology Inc,2011,6
Google,Official Top Business Superbrands By The Centre for Brand Analysis,2011,4
Google,Official Top Consumer Superbrands  By The Centre for Brand Analysis,2011,5
Google,Sociagility Top 50 most social brands By Sociagility,2011,1
Google,Sustainable Image Index By MindWorld, MT, SSI, Synergie,2011,21
Google,The 100 most desired brands By Clear,2011,15
Google,The NetProspex Social 50 By NetProspex,2011,8
Google,The Reputations of the Most Visible Companies By Harris Interactive,2011,1
Google,The World's Most Innovative Companies By Fast Company,2011,6
Google,The World's Top 50 Most Attractive Employers By Universum,2011,1
Google,Top 100 Trends to Brands By Trendslator ,2011,3
Google,Top 20 CoolBrands  By The Centre For Brand Analysis,2011,7
Google,Top 50 Brands in Social Media (SMR) By Yomego,2011,3
Google,Top 50 Facebook Brand Ranking By Markenlexikon,2011,7
Google,Top Global Meaningful Brands Index By Havas Media,2011,2
Google,Top U.S. BrandIndex Buzz Ranking By YouGov,2011,4
Google,UK's Business Thought Leaders By TLG Communications,2011,2
Google,UK's Kids Brand Index (100) By Harris Interactive,2011,25
Google,US Brand Top 100 Brands of United States By MPP Consulting,2011,1
Google,US RepTrak 100 By Reputation Institute,2011,9
Google,US Top 10 Most Meaningful Brands By Havas Media,2011,3
Google,World's Most Admired Companies By Fortune,2011,2
Google,World's Most Respected Companies By Barron's,2011,6
Google,100 Best Companies to Work For By Fortune ,2010,4
Google,100-top Most Powerful Brands By Tenet Partners, CoreBrand,2010,73
Google,America's 10 Greenest Brands By Greener World Media,2010,5
Google,Best Brands Overall By Das Deutsche Markenranking,2010,1
Google,Best Global Brands By Interbrand,2010,4
Google,Best Global Websites By Byte Level Research,2010,1
Google,Brand Keys Customer Loyalty Leaders By Brand Keys,2010,11
Google,BrandFinance Global 500 (100) By Brand Finance,2010,2
Google,BrandZ Top 100 Most Valuable Global Brands By Kantar,2010,1
Google,Breakaway Brands By Landor Associates,2010,6
Google,Computable 100 By Computable,2010,1
Google,Davis Brand Capital 25 By Davis Brand Capital,2010,13
Google,Dutch Strongest Brands By BrandAsset Consult,2010,1
Google,EURIB Top 100 of Indispensable Brands By EURIB,2010,6
Google,Green Rankings US (100) By Newsweek,2010,36
Google,Kids Most Loved Brands By Smarty Pants,2010,72
Google,Media Value Ranking Global Brands By General Sentiment,2010,2
Google,Moms' Most Loved Brands By Smarty Pants,2010,20
Google,Official Top Business Superbrands By The Centre for Brand Analysis,2010,5
Google,Official Top Consumer Superbrands  By The Centre for Brand Analysis,2010,3
Google,Singapore's Top Ten Favourite Brands By Superbrands,2010,1
Google,Sustainable Image Index By MindWorld, MT, SSI, Synergie,2010,8
Google,The 50 Most Innovative Companies By BCG ,The Boston Consulting Group,2010,2
Google,The Coolest Brands By Allegro234,2010,3
Google,The NetProspex Social 50 By NetProspex,2010,5
Google,The Reputations of the Most Visible Companies By Harris Interactive,2010,3
Google,The World's Most Innovative Companies By Fast Company,2010,4
Google,The World's Top 50 Most Attractive Employers By Universum,2010,1
Google,Top 20 CoolBrands  By The Centre For Brand Analysis,2010,8
Google,Top 20 most loved brands By New Media Metrics,2010,12
Google,Top 50 Facebook Brand Ranking By Markenlexikon,2010,6
Google,Top U.S. BrandIndex Buzz Ranking By YouGov,2010,5
Google,UK's Business Thought Leaders By TLG Communications,2010,2
Google,US Brand Top 100 Brands of United States By MPP Consulting,2010,1
Google,US Business Thought Leaders By TLG Communications,2010,2
Google,US RepTrak 100 By Reputation Institute,2010,7
Google,World's Most Admired Companies By Fortune,2010,2
Google,100 Best Companies to Work For By Fortune ,2009,4
Google,100 Fastest-Growing Companies By Fortune ,2009,68
Google,50 Best Large Workplaces in Europe By Great Place to Work Institute,2009,3
Google,Best Brands Overall By Das Deutsche Markenranking,2009,1
Google,Best Global Brands By Interbrand,2009,7
Google,Brand Keys Customer Loyalty Leaders By Brand Keys,2009,3
Google,BrandFinance Global 500 (100) By Brand Finance,2009,5
Google,BrandZ Top 100 Most Valuable Global Brands By Kantar,2009,1
Google,Breakaway Brands By Landor Associates,2009,8
Google,Business Week 50 Best Performers By Business Week,2009,35
Google,Computable 100 By Computable,2009,1
Google,Davis Brand Capital 25 By Davis Brand Capital,2009,11
Google,Dutch Strongest Brands By BrandAsset Consult,2009,1
Google,Engagement Scores for the World's Top 100 Brands By Wetpaint and Altimeter,2009,4
Google,EURIB Top 100 of Indispensable Brands By EURIB,2009,5
Google,Green Rankings US (100) By Newsweek,2009,79
Google,Marketingheroes of the last 10 years (NL) By Tijdschrift voor Marketing, Trendbox, WebAds,2009,3
Google,Media Value Ranking Global Brands By General Sentiment,2009,1
Google,Official Top Business Superbrands By The Centre for Brand Analysis,2009,1
Google,Singapore's Top Ten Favourite Brands By Superbrands,2009,2
Google,Social Radar Top 50 Social Brands By Infegy,2009,2
Google,The 100 most mentioned brands on Twitter By Brand Republic News,2009,2
Google,The Coolest Brands By Allegro234,2009,7
Google,The World's Best Companies By Business Week,2009,2
Google,The World's Top 50 Most Attractive Employers By Universum,2009,1
Google,Top 20 CoolBrands  By The Centre For Brand Analysis,2009,8
Google,Top U.S. BrandIndex Buzz Ranking By YouGov,2009,1
Google,World's Most Admired Companies By Fortune,2009,4
Google,100 Fastest-Growing Companies By Fortune ,2008,24
Google,Best Global Brands By Interbrand,2008,10
Google,Best Global Websites By Byte Level Research,2008,1
Google,Brand Keys Customer Loyalty Leaders By Brand Keys,2008,1
Google,BrandFinance Global 500 (100) By Brand Finance,2008,5
Google,BrandZ Top 100 Most Valuable Global Brands By Kantar,2008,1
Google,Business Week 50 Best Performers By Business Week,2008,34
Google,EURIB Top 100 of Indispensable Brands By EURIB,2008,6
Google,Official Top Business Superbrands By The Centre for Brand Analysis,2008,1
Google,Top 20 CoolBrands  By The Centre For Brand Analysis,2008,6
Google,UK Public's Top 10 By Superbrands,2008,1
Google,Best Global Brands By Interbrand,2007,20
Google,BrandZ Top 100 Most Valuable Global Brands By Kantar,2007,1
Google,Cool Brands, the Guru book By CoolBrandsHouse,2007, - 
